"Rank","Player","Team","Bye","POS","ESPN","Sleeper","NFL","RTSports","AVG"
"1","Christian McCaffrey","SF","9","RB1","1","1","1","1","1.0"
"2","CeeDee Lamb","DAL","7","WR1","2","2","2","2","2.0"
"3","Tyreek Hill","MIA","6","WR2","3","3","3","3","3.2"
"4","Breece Hall","NYJ","12","RB2","4","8","7","4","5.2"
"5","Ja'Marr Chase","CIN","12","WR3","6","5","4","8","5.8"
"6","Justin Jefferson","MIN","6","WR4","8","4","5","6","6.0"
"7","Bijan Robinson","ATL","12","RB3","5","7","8","5","6.0"
"8","Amon-Ra St. Brown","DET","5","WR5","7","6","6","7","6.8"
"9","A.J. Brown","PHI","5","WR6","9","9","9","12","10.2"
"10","Saquon Barkley","PHI","5","RB4","10","14","10","9","10.4"
"11","Jonathan Taylor","IND","14","RB5","11","13","12","10","11.2"
"12","Jahmyr Gibbs","DET","5","RB6","12","11","13","11","11.6"
"13","Puka Nacua","LAR","6","WR7","14","10","11","14","12.8"
"14","Garrett Wilson","NYJ","12","WR8","13","12","14","13","13.2"
"15","Kyren Williams","LAR","6","RB7","15","16","20","16","16.0"
"16","Marvin Harrison Jr.","ARI","11","WR9","22","15","15","20","18.0"
"17","Travis Etienne Jr.","JAC","12","RB8","19","21","21","15","18.6"
"18","Derrick Henry","BAL","14","RB9","16","26","16","19","18.6"
"19","Davante Adams","LV","10","WR10","21","17","17","17","19.4"
"20","Isiah Pacheco","KC","6","RB10","17","31","18","21","21.2"
"21","Travis Kelce","KC","6","TE1","18","25","22","31","23.2"
"22","Chris Olave","NO","12","WR11","20","20","26","24","23.4"
"23","De'Von Achane","MIA","6","RB11","30","24","31","18","25.0"
"24","Drake London","ATL","12","WR12","34","18","23","23","25.4"
"25","Josh Allen","BUF","12","QB1","25","22","27","32","25.4"
"26","Sam LaPorta","DET","5","TE2","26","19","28","29","26.4"
"27","Patrick Mahomes II","KC","6","QB2","23","34","24","43","29.4"
"28","Josh Jacobs","GB","10 ","RB12","39","27","37","22","30.2"
"29","Mike Evans","TB","11","WR13","28","28","25","41","31.4"
"30","Jalen Hurts","PHI","5","QB3","27","33","34","40","31.6"
"31","Michael Pittman Jr.","IND","14","WR14","24","37","33","25","32.6"
"32","Nico Collins","HOU","14","WR15","37","29","36","30","32.6"
"33","Deebo Samuel Sr.","SF","9","WR16","43","32","30","26","32.8"
"34","Brandon Aiyuk","SF","9","WR17","41","23","19","44","33.2"
"35","Rachaad White","TB","11","RB13","38","39","32","27","33.6"
"36","James Cook","BUF","12","RB14","29","44","39","28","33.6"
"37","Cooper Kupp","LAR","6","WR18","46","41","29","35","37.6"
"38","Lamar Jackson","BAL","14","QB4","31","38","35","47","37.8"
"39","Stefon Diggs","HOU","14","WR19","32","30","44","36","38.0"
"40","Alvin Kamara","NO","12","RB15","35","50","47","33","40.2"
"41","Joe Mixon","HOU","14","RB16","33","48","50","37","40.4"
"42","Jaylen Waddle","MIA","6","WR20","49","36","41","38","41.2"
"43","DK Metcalf","SEA","10","WR21","36","45","46","39","42.4"
"44","Kenneth Walker III","SEA","10","RB17","45","52","43","34","42.8"
"45","DJ Moore","CHI","7","WR22","47","35","49","42","42.8"
"46","DeVonta Smith","PHI","5","WR23","44","46","38","45","43.6"
"47","Mark Andrews","BAL","14","TE3","40","47","42","46","43.6"
"48","Trey McBride","ARI","11","TE4","50","43","40","50","46.4"
"49","C.J. Stroud","HOU","14","QB5","42","42","45","59","47.0"
"50","Dalton Kincaid","BUF","12","TE5","53","49","53","48","52.0"
"51","Anthony Richardson","IND","14","QB6","48","58","51","57","53.8"
"52","Malik Nabers","NYG","11","WR24","54","40","67","52","54.8"
"53","Amari Cooper","CLE","10","WR25","68","57","48","55","56.2"
"54","Zay Flowers","BAL","14","WR26","56","51","62","62","57.8"
"55","Aaron Jones","MIN","6","RB18","55","61","73","51","58.8"
"56","Tee Higgins","CIN","12","WR27","61","56","58","61","59.0"
"57","George Kittle","SF","9","TE6","51","60","52","70","59.2"
"58","James Conner","ARI","11","RB19","70","62","56","56","59.2"
"59","Joe Burrow","CIN","12","QB7","52","64","55","77","59.8"
"60","George Pickens","PIT","9","WR28","63","54","77","54","60.8"
"61","Kyle Pitts","ATL","12","TE7","60","55","57","64","61.6"
"62","Tank Dell","HOU","14","WR29","59","53","60","85","63.8"
"63","David Montgomery","DET","5","RB20","66","65","59","66","64.0"
"64","Rhamondre Stevenson","NE","14","RB21","58","70","78","49","64.8"
"65","Zamir White","LV","10","RB22","67","81","68","58","64.8"
"66","D'Andre Swift","CHI","7","RB23","64","66","75","53","65.0"
"67","Evan Engram","JAC","12","TE8","57","67","64","69","65.6"
"68","Dak Prescott","DAL","7","QB8","65","74","61","81","69.4"
"69","Keenan Allen","CHI","7","WR30","72","59","76","63","70.2"
"70","Christian Kirk","JAC","12","WR31","87","63","65","72","71.4"
"71","Jordan Love","GB","10","QB9","71","86","70","75","72.4"
"72","Kyler Murray","ARI","11","QB10","76","83","54","80","73.6"
"73","Calvin Ridley","TEN","5","WR32","62","79","83","76","74.8"
"74","Raheem Mostert","MIA","6","RB24","91","84","63","74","75.4"
"75","Terry McLaurin","WAS","14","WR33","80","68","81","71","75.6"
"76","Najee Harris","PIT","9","RB25","83","78","91","60","76.0"
"77","Chris Godwin","TB","11","WR34","75","75","87","67","76.2"
"78","David Njoku","CLE","10","TE9","73","85","74","89","81.8"
"79","Tony Pollard","TEN","5","RB26","93","80","86","79","82.8"
"80","Jayden Reed","GB","10","WR35","89","72","84","93","83.6"
"81","Rashee Rice","KC","6","WR36","86","71","96","88","84.6"
"82","Jake Ferguson","DAL","7","TE10","88","87","79","92","86.4"
"83","Jaylen Warren","PIT","9","RB27","82","98","99","73","87.0"
"84","Jonathon Brooks","CAR","11","RB28","78","91","94","83","87.0"
"85","Austin Ekeler","WAS","14","RB29","98","95","89","78","89.4"
"86","Zack Moss","CIN","12","RB30","107","94","107","65","90.4"
"87","Nick Chubb","CLE","10","RB31","102","90","105","82","90.4"
"88","Hollywood Brown","KC","6","WR37","108","82","93","90","91.4"
"89","Diontae Johnson","CAR","11","WR38","90","93","95","86","91.4"
"90","Brock Purdy","SF","9","QB11","92","99","85","107","94.6"
"91","Jordan Addison","MIN","6","WR39","106","73","102","105","96.6"
"92","Xavier Worthy","KC","6","WR40","109","76","101","100","96.8"
"93","Brian Robinson Jr.","WAS","14","RB32","81","111","126","84","97.4"
"94","Devin Singletary","NYG","11","RB33","111","103","112","68","98.0"
"95","Javonte Williams","DEN","14","RB34","95","92","125","87","98.0"
"96","DeAndre Hopkins","TEN","5","WR41","103","89","114","94","99.0"
"97","Ladd McConkey","LAC","5","WR42","115","88","111","98","101.2"
"98","Brock Bowers","LV","10","TE11","105","77","115","111","103.0"
"99","Tyjae Spears","TEN","5","RB35","97","109","122","91","103.6"
"100","Christian Watson","GB","10","WR43","96","101","132","97","103.6"
"101","Keon Coleman","BUF","12","WR44","110","96","103","104","103.6"
"102","Rome Odunze","CHI","7","WR45","114","69","100","125","104.8"
"103","Jaxon Smith-Njigba","SEA","10","WR46","101","100","118","106","107.2"
"104","Ezekiel Elliott","DAL","7","RB36","104","114","119","96","109.0"
"105","Dallas Goedert","PHI","5","TE12","116","104","104","113","109.0"
"106","Justin Tucker","BAL","14","K1","77","149","71","131","109.8"
"107","Jayden Daniels","WAS","14","QB12","112","115","108","109","110.6"
"108","Gus Edwards","LAC","5","RB37","128","113","106","114","112.4"
"109","San Francisco 49ers","DST","9","DST1","74","152","66","152","113.2"
"110","Tua Tagovailoa","MIA","6","QB13","127","107","117","119","115.2"
"111","Jared Goff","DET","5","QB14","144","112","109","112","115.4"
"112","Brandon Aubrey","DAL","7","K2","84","151","80","126","116.4"
"113","T.J. Hockenson","MIN","6","TE13","119","105","127","116","116.8"
"114","Caleb Williams","CHI","7","QB15","118","102","133","121","117.6"
"115","Chase Brown","CIN","12","RB38","130","122","149","95","119.6"
"116","Harrison Butker","KC","6","K3","100","150","72","151","119.8"
"117","Courtland Sutton","DEN","14","WR47","117","116","141","110","119.8"
"118","Jameson Williams","DET","5","WR48","122","110","128","117","120.2"
"119","Trey Benson","ARI","11","RB39","129","106","168","99","124.0"
"120","Jerome Ford","CLE","10","RB40","125","125","156","101","124.0"
"121","Blake Corum","LAR","6","RB41","123","117","153","103","124.2"
"122","Brian Thomas Jr.","JAC","12","WR49","137","97","139","128","125.6"
"123","Dallas Cowboys","DST","7","DST2","85","188","113","132","127.4"
"124","Baltimore Ravens","DST","14","DST3","79","193","124","141","128.2"
"125","Justin Herbert","LAC","5 ","QB16","154","120","121","123","128.2"
"126","Dalton Schultz","HOU","14","TE14","136","108","129","135","128.8"
"127","New York Jets","DST","12","DST4","99","161","136","150","129.8"
"128","Tyler Lockett","SEA","10","WR50","124","121","134","149","131.6"
"129","Trevor Lawrence","JAC","12","QB17","152","127","131","129","131.8"
"130","Cleveland Browns","DST","10","DST5","69","199","98","166","133.0"
"131","J.K. Dobbins","LAC","5","RB42","132","143","184","102","134.2"
"132","Zach Charbonnet","SEA","10","RB43","133","130","159","115","135.0"
"133","Curtis Samuel","BUF","12","WR51","142","119","165","108","135.2"
"134","Pat Freiermuth","PIT","9","TE15","143","126","146","124","135.8"
"135","Cole Kmet","CHI","7","TE16","148","123","148","134","137.6"
"136","Khalil Shakir","BUF","12","WR52","159","128","135","136","139.4"
"137","Younghoe Koo","ATL","12","K4","131","155","97","200","142.2"
"138","Aaron Rodgers","NYJ","12","QB18","120","141","143","158","142.6"
"139","Romeo Doubs","GB","10","WR53","164","118","154","143","143.2"
"140","Kirk Cousins","ATL","12","QB19","145","135","163","144","143.6"
"141","Mike Williams","NYJ","12","WR54","138","133","152","155","144.2"
"142","Jake Elliott","PHI","5","K5","94","154","147","175","144.8"
"143","Jakobi Meyers","LV","10","WR55","146","129","170","139","145.8"
"144","Jerry Jeudy","CLE","10","WR56","140","134","175","137","147.6"
"145","Chuba Hubbard","CAR","11","RB44","182","136","162","122","149.2"
"146","Matthew Stafford","LAR","6","QB20","166","137","142","153","149.6"
"147","Ka'imi Fairbairn","HOU","14","K6","121","187","138","159","155.2"
"148","Rico Dowdle","DAL","7","RB45","178","145","218","118","157.6"
"149","Kansas City Chiefs","DST","6","DST6","139","210","123","195","159.8"
"150","Brandin Cooks","DAL","7","WR57","171","157","171","147","159.8"
"151","Pittsburgh Steelers","DST","9","DST7","113","201","150","177","160.0"
"152","Evan McPherson","CIN","12","K7","126","153","90","247","160.2"
"153","Joshua Palmer","LAC","5","WR58","203","140","197","127","160.2"
"154","Tyler Allgeier","ATL","12","RB46","149","168","199","146","161.6"
"155","Ty Chandler","MIN","6","RB47","160","158","222","120","161.8"
"156","Deshaun Watson","CLE","10","QB21","158","169","164","169","165.4"
"157","MarShawn Lloyd","GB","10","RB48","161","162","221","130","166.0"
"158","Baker Mayfield","TB","11","QB22","172","159","161","171","166.4"
"159","Xavier Legette","CAR","11","WR59","168","131","181","178","167.2"
"160","Gabe Davis","JAC","12","WR60","170","146","183","157","167.2"
"161","Jake Moody","SF","9","K8","153","185","116","181","167.4"
"162","Adonai Mitchell","IND","14","WR61","173","124","208","186","169.2"
"163","Antonio Gibson","NE","14","RB49","162","167","240","133","169.8"
"164","Miami Dolphins","DST","6","DST8","141","203","157","180","169.8"
"165","Adam Thielen","CAR","11","WR62","157","174","178","165","171.0"
"166","Buffalo Bills","DST","12","DST9","175","257","92","162","171.6"
"167","Jaylen Wright","MIA","6","RB50","191","138","245","138","172.0"
"168","Luke Musgrave","GB","10","TE17","217","132","172","167","172.4"
"169","Rashid Shaheed","NO","12","WR63","151","139","262","163","175.6"
"170","Jaleel McLaughlin","DEN","14","RB51","181","170","226","140","175.6"
"171","Cameron Dicker","LAC","5","K9","167","186","120","226","178.8"
"172","Dontayvion Wicks","GB","10","WR64","197","164","210","172","180.6"
"173","Kendre Miller","NO","12","RB52","156","144","280","168","182.6"
"174","Philadelphia Eagles","DST","5","DST10","176","208","144","221","183.0"
"175","Tyler Bass","BUF","12","K10","188","156","151","220","183.6"
"176","Jahan Dotson","WAS","14","WR65","254","165","216","148","188.2"
"177","Hunter Henry","NE","14","TE18","206","177","196","176","190.4"
"178","Isaiah Likely","BAL","14","TE19","219","175","179","204","191.2"
"179","Jason Sanders","MIA","6","K11","192","189","169","203","192.0"
"180","Houston Texans","DST","14","DST11","184","250","166","184","192.2"
"181","Elijah Mitchell","SF","9","RB53","222","195","224","164","193.8"
"182","Ricky Pearsall","SF","9","WR66","229","166","192","189","194.4"
"183","Matt Gay","IND","14","K12","155","245","186","198","195.6"
"184","New Orleans Saints","DST","12","DST12","135","263","185","214","199.2"
"185","Geno Smith","SEA","10","QB23","208","192","193","218","199.8"
"186","Tyler Conklin","NYJ","12","TE20","186","194","231","192","200.6"
"187","Ja'Lynn Polk","NE","14","WR67","212","163","232","196","201.6"
"188","Detroit Lions","DST","5","DST13","134","258","155","254","202.6"
"189","Tampa Bay Buccaneers","DST","11","DST14","225","200","130","258","202.8"
"190","DeMario Douglas","NE","14","WR68","174","179","248","206","205.0"
"191","Will Levis","TEN","5","QB24","202","191","209","213","205.8"
"192","Jason Myers","SEA","10","K13","213","278","180","202","212.4"
"193","Los Angeles Chargers","DST","5","DST15","180","295","145","240","214.6"
"194","Clyde Edwards-Helaire","KC","6","RB54","241","221","234","207","217.4"
"195","Derek Carr","NO","12","QB25","243","225","229","223","219.0"
"196","Indianapolis Colts","DST","14","DST16","233","289","182","224","219.6"
"197","Tyrone Tracy Jr.","NYG","11","RB55","305","180","307","145","219.8"
"198","Mike Gesicki","CIN","12","TE21","257","223","223","261","236.2"
"199","Josh Downs","IND","14","WR69","","142","198","160","170.8"
"200","Cincinnati Bengals","DST","12","DST17","165","","88","253","174.0"
"201","Greg Zuerlein","NYJ","12","K14","147","","137","239","183.3"
"202","Darnell Mooney","ATL","12","WR70","150","181","233","190","188.5"
"203","Chicago Bears","DST","7","DST18","179","283","82","228","193.0"
"204","J.J. McCarthy","MIN","6","QB26","187","176","176","234","193.3"
"205","Kimani Vidal","LAC","5","RB56","","172","284","142","193.5"
"206","Taysom Hill","NO","12","TE22","169","173","260","183","196.3"
"207","Daniel Carlson","LV","10","K15","195","190","158","244","196.8"
"208","Roman Wilson","PIT","9","WR71","","178","167","256","196.8"
"209","Quentin Johnston","LAC","5","WR72","","171","251","193","197.0"
"210","Khalil Herbert","CHI","7","RB57","","214","215","179","197.5"
"211","Troy Franklin","DEN","14","WR73","","148","256","215","201.5"
"212","Justin Fields","PIT","9","QB27","201","227","195","191","203.5"
"213","Las Vegas Raiders","DST","10","DST19","193","260","173","194","205.0"
"214","Chigoziem Okonkwo","TEN","5","TE23","218","183","225","199","206.3"
"215","Dameon Pierce","HOU","14","RB58","","209","211","185","206.3"
"216","Bucky Irving","TB","11","RB59","","197","285","156","207.3"
"217","Russell Wilson","PIT","9","QB28","211","222","189","211","208.3"
"218","Cairo Santos","CHI","7","K16","183","","190","252","211.0"
"219","Braelon Allen","NYJ","12","RB60","","202","286","173","213.3"
"220","Seattle Seahawks","DST","10","DST20","189","215","188","265","214.3"
"221","Wan'Dale Robinson","NYG","11","WR74","","207","252","208","215.0"
"222","Roschon Johnson","CHI","7","RB61","","211","279","170","217.0"
"223","Ray Davis","BUF","12","RB62","","182","328","161","217.3"
"224","Bryce Young","CAR","11","QB29","198","216","213","246","218.3"
"225","Ben Sinnott","WAS","14","TE24","236","147","238","268","222.3"
"226","Minnesota Vikings","DST","6","DST21","205","264","205","","222.3"
"227","New York Giants","DST","11","DST22","215","255","200","233","225.8"
"228","Keaton Mitchell","BAL","14","RB63","","231","269","219","231.3"
"229","Daniel Jones","NYG","11","QB30","227","234","247","217","231.3"
"230","Kenneth Gainwell","PHI","5","RB64","","271","250","201","231.5"
"231","Audric Estime","DEN","14","RB65","","219","329","182","234.8"
"232","AJ Dillon","GB","10","RB66","235","259","220","225","234.8"
"233","Noah Fant","SEA","10","TE25","196","205","303","237","235.3"
"234","Marvin Mims Jr.","DEN","14","WR75","214","218","253","257","235.5"
"235","Jacksonville Jaguars","DST","12","DST23","177","286","235","245","235.8"
"236","D'Onta Foreman","CLE","10","RB67","","261","333","222","243.3"
"237","Zach Ertz","WAS","14","TE26","246","268","214","255","245.8"
"238","Ja'Tavion Sanders","CAR","11","TE27","280","213","270","242","251.3"
"239","Dustin Hopkins","CLE","10","K17","185","","69","251","168.3"
"240","Jonnu Smith","MIA","6","TE28","303","232","276","227","259.5"
"241","Javon Baker","NE","14","WR76","281","226","311","260","269.5"
"242","Cade Otton","TB","11","TE29","","160","202","230","197.3"
"243","Michael Wilson","ARI","11","WR77","","204","268","154","208.7"
"244","Bo Nix","DEN","14","QB31","200","224","203","","209.0"
"245","Odell Beckham Jr.","MIA","6","WR78","204","238","194","","212.0"
"246","Jermaine Burton","CIN","12","WR79","","184","244","209","212.3"
"247","Washington Commanders","DST","14","DST24","230","206","201","","212.3"
"248","Drake Maye","NE","14","QB32","221","212","217","","216.7"
"249","Green Bay Packers","DST","10","DST25","190","291","174","","218.3"
"250","Dawson Knox","BUF","12","TE30","209","262","187","","219.3"
"251","New England Patriots","DST","14","DST26","207","267","191","","221.7"
"252","Will Reichard","MIN","6","K18","210","","239","216","221.7"
"253","Rashod Bateman","BAL","14","WR80","","198","236","232","222.0"
"254","Blake Grupe","NO","12","K19","258","","212","","227.0"
"255","Alexander Mattison","LV","10","RB68","","229","249","205","227.7"
"256","Luke McCaffrey","WAS","14","WR81","234","217","263","","238.0"
"257","Tennessee Titans","DST","5","DST27","224","246","246","","238.7"
"258","Los Angeles Rams","DST","6","DST28","220","294","207","","240.3"
"259","Will Shipley","PHI","5","RB69","","239","317","187","247.7"
"260","Tyler Boyd","TEN","5","WR82","","235","255","262","250.7"
"261","K.J. Osborn","NE","14","WR83","377","290","313","274","313.5"
"262","Jamaal Williams","NO","12","RB70","","292","257","212","253.7"
"263","Justice Hill","BAL","14","RB71","","253","272","238","254.3"
"264","Wil Lutz","DEN","14","K20","240","","261","264","255.0"
"265","Greg Dulcich","DEN","14","TE31","","251","278","249","259.3"
"266","Demarcus Robinson","LAR","6","WR84","","220","319","241","260.0"
"267","Juwan Johnson","NO","12","TE32","","242","309","229","260.0"
"268","Tank Bigsby","JAC","12","RB72","","236","326","231","264.3"
"269","Kadarius Toney","KC","6","WR85","231","296","266","","264.3"
"270","Michael Penix Jr.","ATL","12","QB33","232","282","282","","265.3"
"271","Jalin Hyatt","NYG","11","WR86","","266","281","266","271.0"
"272","Dylan Laube","LV","10","RB73","413","256","403","250","330.5"
"273","Jalen Tolbert","DAL","7","WR87","","254","299","272","275.0"
"274","Calvin Austin III","PIT","9","WR88","274","","304","248","275.3"
"275","Denver Broncos","DST","14","DST29","216","","110","","163.0"
"276","Joshua Karty","LAR","6","K21","347","","274","210","277.0"
"277","Samaje Perine","DEN","14","RB74","","293","366","174","277.7"
"278","Michael Mayer","LV","10","TE33","372","244","219","","278.3"
"279","Chase McLaughlin","TB","11","K22","341","","227","269","279.0"
"280","Kendrick Bourne","NE","14","WR89","","275","351","","280.7"
"281","Brenden Rice","LAC","5","WR90","282","265","301","","282.7"
"282","Malachi Corley","NYJ","12","WR91","","196","160","","178.0"
"283","Chris Boswell","PIT","9","K23","194","","177","","185.5"
"284","Arizona Cardinals","DST","11","DST30","237","","140","","188.5"
"285","Eric Gray","NYG","11","RB75","","298","361","236","298.3"
"286","Theo Johnson","NYG","11","TE34","272","230","404","","302.0"
"287","Jake Bates","DET","5","K24","163","","243","","203.0"
"288","Trey Sermon","IND","14","RB76","","279","374","259","304.0"
"289","Isaac Guerendo","SF","9","RB77","","240","407","271","306.0"
"290","DJ Chark Jr.","LAC","5","WR92","","252","424","273","316.3"
"291","Matt Prater","ARI","11","K25","250","","206","","228.0"
"292","Graham Gano","NYG","11","K26","223","","237","","230.0"
"293","Anders Carlson","GB","10","K27","226","","242","","234.0"
"294","Atlanta Falcons","DST","12","DST31","242","","228","","235.0"
"295","Darren Waller","","","TE35","273","","204","","238.5"
"296","Louis Rees-Zammit","KC","6","RB78","239","","264","","251.5"
"297","Kyle Juszczyk","SF","9","RB79","275","","230","","252.5"
"298","Nick Folk","TEN","5","K28","266","","241","","253.5"
"299","Cam Little","JAC","12","K29","228","","283","","255.5"
"300","Noah Gray","KC","6","TE36","255","","259","","257.0"
"301","Tucker Kraft","GB","10","TE37","","243","273","","258.0"
"302","Devontez Walker","BAL","14","WR93","385","237","402","","341.3"
"303","Miles Sanders","CAR","11","RB80","","","337","188","262.5"
"304","Colby Parkinson","LAR","6","TE38","","233","298","","265.5"
"305","Dalvin Cook","","","RB81","268","","265","","266.5"
"306","Gardner Minshew II","LV","10","QB34","","270","267","","268.5"
"307","Aidan O'Connell","LV","10","QB35","","285","254","","269.5"
"308","Kareem Hunt","","","RB82","344","","","197","270.5"
"309","Greg Dortch","ARI","11","WR94","","247","296","","271.5"
"310","Sam Darnold","MIN","6","QB36","","249","295","","272.0"
"311","Jelani Woods","IND","14","TE39","","248","300","","274.0"
"312","Jauan Jennings","SF","9","WR95","252","","297","","274.5"
"313","Hayden Hurst","LAC","5","TE40","","272","277","","274.5"
"314","Malik Washington","MIA","6","WR96","308","288","457","","351.0"
"315","Brandon McManus","","","K30","444","281","331","","352.0"
"316","JuJu Smith-Schuster","","","WR97","264","","293","","278.5"
"317","Gerald Everett","CHI","7","TE41","288","","271","","279.5"
"318","Justin Watson","KC","6","WR98","265","","302","","283.5"
"319","Tyler Higbee","LAR","6","TE42","486","297","287","","356.7"
"320","Chad Ryland","NE","14","K31","248","","327","","287.5"
"321","Kenny Pickett","PHI","5","QB37","251","","324","","287.5"
"322","Jordan Mason","SF","9","RB83","","","342","235","288.5"
"323","Tre Tucker","LV","10","WR99","","287","291","","289.0"
"324","Donovan Peoples-Jones","DET","5","WR100","269","","312","","290.5"
"325","Braxton Berrios","MIA","6","WR101","247","","336","","291.5"
"326","Jake Bobo","SEA","10","WR102","278","","306","","292.0"
"327","Greg Joseph","GB","10","K32","294","","290","","292.0"
"328","Zay Jones","ARI","11","WR103","","241","344","","292.5"
"329","Durham Smythe","MIA","6","TE43","296","","294","","295.0"
"330","Jalen McMillan","TB","11","WR104","","228","363","","295.5"
"331","A.T. Perry","NO","12","WR105","457","277","360","","364.7"
"332","Andrei Iosivas","CIN","12","WR106","","","325","270","297.5"
"333","Elijah Moore","CLE","10","WR107","","274","322","","298.0"
"334","Cade Stover","HOU","14","TE44","293","","310","","301.5"
"335","Skyy Moore","KC","6","WR108","291","","314","","302.5"
"336","Darnell Washington","PIT","9","TE45","301","","305","","303.0"
"337","Darius Slayton","NYG","11","WR109","","269","338","","303.5"
"338","J.J. Taylor","HOU","14","RB84","245","","372","","308.5"
"339","Allen Lazard","NYJ","12","WR110","300","","320","","310.0"
"340","Daniel Bellinger","NYG","11","TE46","","273","348","","310.5"
"341","Jermar Jefferson","DET","5","RB85","249","","373","","311.0"
"342","Keaontay Ingram","KC","6","RB86","309","","315","","312.0"
"343","Joe Flacco","IND","14","QB38","262","","364","","313.0"
"344","Mecole Hardman Jr.","KC","6","WR111","287","","345","","316.0"
"345","Deuce Vaughn","DAL","7","RB87","","284","349","","316.5"
"346","Josh Reynolds","DEN","14","WR112","","300","334","","317.0"
"347","Rasheen Ali","BAL","14","RB88","400","280","455","","378.3"
"348","Tommy DeVito","NYG","11","QB39","267","","379","","323.0"
"349","Parris Campbell","PHI","5","WR113","259","","390","","324.5"
"350","Brevin Jordan","HOU","14","TE47","337","","321","","329.0"
"351","Hendon Hooker","DET","5","QB40","263","","397","","330.0"
"352","Connor Heyward","PIT","9","TE48","304","","357","","330.5"
"353","Carson Wentz","KC","6","QB41","285","","382","","333.5"
"354","Drew Lock","NYG","11","QB42","298","","370","","334.0"
"355","John Metchie III","HOU","14","WR114","313","","355","","334.0"
"356","Jonathan Mingo","CAR","11","WR115","","299","377","","338.0"
"357","Sam Howell","SEA","10","QB43","321","","358","","339.5"
"358","Jake Browning","CIN","12","QB44","326","","353","","339.5"
"359","Cam Akers","HOU","14","RB89","290","","391","","340.5"
"360","Noah Brown","HOU","14","WR116","306","","383","","344.5"
"361","Deneric Prince","KC","6","RB90","","","451","243","347.0"
"362","Tyler Scott","CHI","7","WR117","299","","395","","347.0"
"363","Johnny Wilson","PHI","5","WR118","292","","406","","349.0"
"364","Tom Brady","","","QB45","199","","","","199.0"
"365","Ainias Smith","PHI","5","WR119","295","","405","","350.0"
"366","Joe Milton III","NE","14","QB46","244","","458","","351.0"
"367","Chase Claypool","BUF","12","WR120","351","","354","","352.5"
"368","Luke Schoonmaker","DAL","7","TE49","310","","396","","353.0"
"369","Cade York","CLE","10","K33","331","","375","","353.0"
"370","Zach Wilson","DEN","14","QB47","316","","392","","354.0"
"371","Brock Wright","DET","5","TE50","271","","440","","355.5"
"372","Ray-Ray McCloud III","ATL","12","WR121","332","","388","","360.0"
"373","Tanner Hudson","CIN","12","TE51","355","","369","","362.0"
"374","Joshua Dobbs","SF","9","QB48","261","","466","","363.5"
"375","Bo Melton","GB","10","WR122","284","","444","","364.0"
"376","C.J. Uzomah","PHI","5","TE52","317","","413","","365.0"
"377","Royce Freeman","DAL","7","RB91","","","469","263","366.0"
"378","Brett Maher","","","K34","367","","365","","366.0"
"379","Treylon Burks","TEN","5","WR123","410","","323","","366.5"
"380","Marquez Valdes-Scantling","BUF","12","WR124","312","","422","","367.0"
"381","Tanner Brown","LAR","6","K35","286","","449","","367.5"
"382","Alec Pierce","IND","14","WR125","379","","356","","367.5"
"383","Chris Naggar","","","K36","238","","","","238.0"
"384","Jameis Winston","CLE","10","QB49","371","","380","","375.5"
"385","Ramiz Ahmed","WAS","14","K37","320","","433","","376.5"
"386","Brandon Powell","MIN","6","WR126","364","","389","","376.5"
"387","Mason Crosby","","","K38","253","","","","253.0"
"388","Mac Jones","JAC","12","QB50","318","","438","","378.0"
"389","Trace McSorley","","","QB51","256","","","","256.0"
"390","Sean Clifford","GB","10","QB52","311","","447","","379.0"
"391","Jimmy Garoppolo","LAR","6","QB53","348","","411","","379.5"
"392","Christopher Dunn","","","K39","260","","","","260.0"
"393","Kene Nwangwu","MIN","6","RB92","328","","437","","382.5"
"394","Equanimeous St. Brown","NO","12","WR127","345","","421","","383.0"
"395","Jerick McKinnon","","","RB93","","","","267","267.0"
"396","Cooper Rush","DAL","7","QB54","382","","386","","384.0"
"397","Lucas Havrisik","","","K40","270","","511","","390.5"
"398","Ronnie Bell","SF","9","WR128","323","","450","","386.5"
"399","Carolina Panthers","DST","11","DST32","","","275","","275.0"
"400","Austin Hooper","NE","14","TE53","360","","416","","388.0"
"401","Tyson Bagent","CHI","7","QB55","276","","521","","398.5"
"402","Nick Sciba","","","K41","277","","","","277.0"
"403","Davis Allen","LAR","6","TE54","428","","350","","389.0"
"404","Mike White","MIA","6","QB56","279","","576","","427.5"
"405","Riley Patterson","WAS","14","K42","437","","346","","391.5"
"406","Mitchell Trubisky","BUF","12","QB57","319","","465","","392.0"
"407","Trenton Irwin","CIN","12","WR129","353","","431","","392.0"
"408","Ben DiNucci","","","QB58","283","","780","","531.5"
"409","Josh Oliver","MIN","6","TE55","359","","427","","393.0"
"410","Jordan Akins","CLE","10","TE56","363","","423","","393.0"
"411","Patrick Ricard","BAL","14","RB94","370","","418","","394.0"
"412","Michael Gallup","","","WR130","","","288","","288.0"
"413","Andy Dalton","CAR","11","QB59","330","","459","","394.5"
"414","Eddy Pineiro","CAR","11","K43","","","289","","289.0"
"415","Trey Lance","DAL","7","QB60","397","","393","","395.0"
"416","Spencer Rattler","NO","12","QB61","289","","533","","411.0"
"417","Chris Evans","CIN","12","RB95","356","","436","","396.0"
"418","Kalif Raymond","DET","5","WR131","","","292","","292.0"
"419","Elijah Higgins","ARI","11","TE57","418","","378","","398.0"
"420","Mo Alie-Cox","IND","14","TE58","430","","367","","398.5"
"421","Rodrigo Blankenship","","","K44","297","","","","297.0"
"422","Michael Wiley","WAS","14","RB96","302","","","","302.0"
"423","C.J. Ham","MIN","6","RB97","342","","463","","402.5"
"424","Bryce Perkins","","","QB62","307","","","","307.0"
"425","Van Jefferson","PIT","9","WR132","","","308","","308.0"
"426","Julio Jones","","","WR133","354","","460","","407.0"
"427","Tucker Fisk","","","TE59","314","","676","","495.0"
"428","Armani Rogers","PHI","5","TE60","315","","822","","568.5"
"429","KaVontae Turpin","DAL","7","WR134","","","316","","316.0"
"430","Isaiah Hodgins","NYG","11","WR135","335","","483","","409.0"
"431","Nelson Agholor","BAL","14","WR136","","","318","","318.0"
"432","Trent Taylor","SF","9","WR137","322","","564","","443.0"
"433","Mack Hollins","BUF","12","WR138","407","","417","","412.0"
"434","Matt Ryan","","","QB63","324","","","","324.0"
"435","Kevin Harris","NE","14","RB98","449","","376","","412.5"
"436","Matt Corral","","","QB64","325","","","","325.0"
"437","Josh Johnson","BAL","14","QB65","327","","542","","434.5"
"438","Leonard Fournette","","","RB99","329","","","","329.0"
"439","Cordarrelle Patterson","PIT","9","RB100","","","330","","330.0"
"440","Caleb Shudak","","","K45","333","","","","333.0"
"441","Antoine Green","DET","5","WR139","334","","681","","507.5"
"442","Jeff Wilson Jr.","MIA","6","RB101","","","335","","335.0"
"443","Jake Fromm","","","QB66","336","","602","","469.0"
"444","Curtis Hodges","","","TE61","338","","","","338.0"
"445","Craig Reynolds","DET","5","RB102","","","339","","339.0"
"446","SaRodorick Thompson Jr.","","","RB103","339","","","","339.0"
"447","Tutu Atwell","LAR","6","WR140","","","340","","340.0"
"448","Malik Heath","GB","10","WR141","340","","522","","431.0"
"449","Kyle Allen","PIT","9","QB67","475","","368","","421.5"
"450","Jacoby Brissett","NE","14","QB68","","","343","","343.0"
"451","Roger Carter Jr.","","","TE62","343","","","","343.0"
"452","DeWayne McBride","MIN","6","RB104","446","","399","","422.5"
"453","Easton Stick","LAC","5","QB69","368","","479","","423.5"
"454","Velus Jones Jr.","CHI","7","WR142","346","","814","","580.0"
"455","Shane Zylstra","DET","5","TE63","","","347","","347.0"
"456","Dyami Brown","WAS","14","WR143","455","","394","","424.5"
"457","Nick Foles","","","QB70","349","","","","349.0"
"458","David Moore","CAR","11","WR144","466","","384","","425.0"
"459","Jonathan Garibay","","","K46","350","","","","350.0"
"460","Tim Patrick","DEN","14","WR145","","","352","","352.0"
"461","Alec Ingold","MIA","6","RB105","352","","758","","555.0"
"462","Scotty Miller","PIT","9","WR146","427","","430","","428.5"
"463","Britain Covey","PHI","5","WR147","357","","661","","509.0"
"464","Isaiah McKenzie","NYG","11","WR148","358","","562","","460.0"
"465","Justyn Ross","KC","6","WR149","","","359","","359.0"
"466","Quez Watkins","PIT","9","WR150","376","","485","","430.5"
"467","Irv Smith Jr.","KC","6","TE64","383","","478","","430.5"
"468","Phillip Lindsay","","","RB106","361","","","","361.0"
"469","Trey Palmer","TB","11","WR151","","","362","","362.0"
"470","Jordan Travis","NYJ","12","QB71","362","","873","","617.5"
"471","Mason Rudolph","TEN","5","QB72","394","","470","","432.0"
"472","DeeJay Dallas","ARI","11","RB107","378","","487","","432.5"
"473","Jalen Brooks","DAL","7","WR152","365","","680","","522.5"
"474","Teddy Bridgewater","","","QB73","366","","","","366.0"
"475","Pharaoh Brown","SEA","10","TE65","401","","467","","434.0"
"476","Davis Mills","HOU","14","QB74","369","","631","","500.0"
"477","Robert Woods","HOU","14","WR153","461","","410","","435.5"
"478","Matthew Wright","PIT","9","K47","","","371","","371.0"
"479","KhaDarel Hodge","ATL","12","WR154","374","","582","","478.0"
"480","Chase Allen","","","TE66","375","","","","375.0"
"481","Collin Johnson","CHI","7","WR155","380","","608","","494.0"
"482","Ameer Abdullah","LV","10","RB108","","","381","","381.0"
"483","DeAndre Carter","CHI","7","WR156","381","","","","381.0"
"484","David Bell","CLE","10","WR157","443","","441","","442.0"
"485","Carson Strong","","","QB75","384","","","","384.0"
"486","Marcus Mariota","WAS","14","QB76","473","","412","","442.5"
"487","Johnny Mundt","MIN","6","TE67","","","385","","385.0"
"488","Tommy Tremble","CAR","11","TE68","386","","630","","508.0"
"489","Dare Ogunbowale","HOU","14","RB109","","","387","","387.0"
"490","Peyton Hendershot","DAL","7","TE69","387","","505","","446.0"
"491","Pierre Strong Jr.","CLE","10","RB110","388","","659","","523.5"
"492","Israel Abanikanda","NYJ","12","RB111","490","","400","","445.0"
"493","River Cracraft","MIA","6","WR158","389","","571","","480.0"
"494","Josh Lambo","","","K48","390","","","","390.0"
"495","Travis Homer","CHI","7","RB112","391","","764","","577.5"
"496","Charlie Jones","CIN","12","WR159","448","","445","","446.5"
"497","Marcedes Lewis","CHI","7","TE70","392","","544","","468.0"
"498","Grant Calcaterra","PHI","5","TE71","393","","660","","526.5"
"499","James Mitchell","DET","5","TE72","453","","442","","447.5"
"500","Tyrion Davis-Price","PHI","5","RB113","395","","663","","529.0"
"501","Gunner Olszewski","NYG","11","WR160","396","","600","","498.0"
"502","Will Mallory","IND","14","TE73","","","398","","398.0"
"503","Sterling Shepard","TB","11","WR161","484","","415","","449.5"
"504","Case Keenum","HOU","14","QB77","398","","545","","471.5"
"505","Tyrod Taylor","NYJ","12","QB78","399","","543","","471.0"
"506","Owen Wright","BAL","14","RB114","","","401","","401.0"
"507","Joey Slye","NE","14","K49","471","","432","","451.5"
"508","Kellen Mond","","","QB79","402","","803","","602.5"
"509","Jalen Nailor","MIN","6","WR162","403","","658","","530.5"
"510","Jalen Wydermyer","","","TE74","404","","","","404.0"
"511","Tylan Wallace","BAL","14","WR163","470","","435","","452.5"
"512","Jaren Hall","MIN","6","QB80","405","","687","","546.0"
"513","Mohamed Ibrahim","","","RB115","406","","","","406.0"
"514","Bailey Zappe","NE","14","QB81","465","","443","","454.0"
"515","AJ Barner","SEA","10","TE75","","","408","","408.0"
"516","James Proche II","CLE","10","WR164","408","","601","","504.5"
"517","James McCourt","","","K50","409","","","","409.0"
"518","James Turner","","","K51","","","409","","409.0"
"519","Damiere Byrd","","","WR165","411","","","","411.0"
"520","Dante Pettis","CHI","7","WR166","412","","749","","580.5"
"521","Allen Robinson II","NYG","11","WR167","414","","","","414.0"
"522","Chris Conley","SF","9","WR168","","","414","","414.0"
"523","Kylen Granson","IND","14","TE76","424","","492","","458.0"
"524","Cameron Latu","SF","9","TE77","415","","693","","554.0"
"525","Derek Watt","","","RB116","416","","","","416.0"
"526","Albert Okwuegbunam Jr.","PHI","5","TE78","417","","605","","511.0"
"527","Nyheim Hines","CLE","10","RB117","","","419","","419.0"
"528","Ryan Flournoy","DAL","7","WR169","419","","866","","642.5"
"529","Jeremy Ruckert","NYJ","12","TE79","422","","499","","460.5"
"530","Jordan Whittington","LAR","6","WR170","420","","722","","571.0"
"531","Logan Thomas","","","TE80","421","","548","","484.5"
"532","Jha'Quan Jackson","TEN","5","WR171","423","","","","423.0"
"533","Will Dissly","LAC","5","TE81","","","425","","425.0"
"534","Drew Sample","CIN","12","TE82","425","","766","","595.5"
"535","Ty Johnson","BUF","12","RB118","","","426","","426.0"
"536","Binjimen Victor","","","WR172","426","","","","426.0"
"537","Jarrett Stidham","DEN","14","QB82","","","428","","428.0"
"538","D.J. Montgomery","IND","14","WR173","","","429","","429.0"
"539","Tyler Goodson","IND","14","RB119","429","","649","","539.0"
"540","Sione Vaki","DET","5","RB120","431","","867","","649.0"
"541","Stetson Bennett","LAR","6","QB83","432","","516","","474.0"
"542","Ryan Succop","","","K52","433","","","","433.0"
"543","Colson Yankoff","WAS","14","TE83","","","434","","434.0"
"544","Terrell Bynum","LV","10","WR174","434","","711","","572.5"
"545","Skylar Thompson","MIA","6","QB84","435","","657","","546.0"
"546","Derius Davis","LAC","5","WR175","436","","691","","563.5"
"547","Lil'Jordan Humphrey","DEN","14","WR176","438","","","","438.0"
"548","Michael Carter","ARI","11","RB121","","","439","","439.0"
"549","Dee Eskridge","SEA","10","WR177","447","","493","","470.0"
"550","Charlie Woerner","ATL","12","TE84","439","","787","","613.0"
"551","Hunter Long","LAR","6","TE85","440","","636","","538.0"
"552","Keith Kirkwood","BAL","14","WR178","441","","581","","511.0"
"553","Randy Bullock","","","K53","442","","","","442.0"
"554","Melvin Gordon","III","","RB122","445","","","","445.0"
"555","Cedric Tillman","CLE","10","WR179","","","446","","446.0"
"556","Zach Evans","LAR","6","RB123","","","448","","448.0"
"557","Laquon Treadwell","IND","14","WR180","450","","","","450.0"
"558","Hassan Haskins","TEN","5","RB124","451","","","","451.0"
"559","Emari Demercado","ARI","11","RB125","","","452","","452.0"
"560","Boston Scott","LAR","6","RB126","452","","580","","516.0"
"561","Julian Hill","MIA","6","TE86","","","453","","453.0"
"562","Chris Streveler","","","QB85","454","","","","454.0"
"563","Lucky Jackson","MIN","6","WR181","","","454","","454.0"
"564","Jared Wiley","KC","6","TE87","","","456","","456.0"
"565","Deonte Harty","BAL","14","WR182","456","","596","","526.0"
"566","Sony Michel","","","RB127","458","","","","458.0"
"567","Chris Brooks","MIA","6","RB128","459","","528","","493.5"
"568","Ben Sims","GB","10","TE88","460","","856","","658.0"
"569","Brandon Bolden","","","RB129","","","461","","461.0"
"570","Brandon Allen","SF","9","QB86","","","462","","462.0"
"571","Zach Pascal","ARI","11","WR183","462","","566","","514.0"
"572","Kyle Trask","TB","11","QB87","463","","641","","552.0"
"573","C.J. Beathard","JAC","12","QB88","","","464","","464.0"
"574","Xavier Gipson","NYJ","12","WR184","464","","524","","494.0"
"575","Avery Williams","ATL","12","RB130","467","","","","467.0"
"576","Chase Edmonds","TB","11","RB131","","","468","","468.0"
"577","Danny Gray","SF","9","WR185","468","","502","","485.0"
"578","Tre'Quan Smith","DET","5","WR186","469","","","","469.0"
"579","Trent Sherfield Sr.","MIN","6","WR187","","","471","","471.0"
"580","John Wolford","TB","11","QB89","","","472","","472.0"
"581","Austin Seibert","NYJ","12","K54","472","","591","","531.5"
"582","Foster Moreau","NO","12","TE89","","","473","","473.0"
"583","Donald Parham Jr.","LAC","5","TE90","","","474","","474.0"
"584","Nick Westbrook-Ikhine","TEN","5","WR188","474","","623","","548.5"
"585","Tyree Jackson","NYG","11","TE91","","","475","","475.0"
"586","Trayveon Williams","CIN","12","RB132","","","476","","476.0"
"587","Lawrence Cager","NYG","11","WR189","476","","624","","550.0"
"588","Andrew Beck","HOU","14","TE92","","","477","","477.0"
"589","Myles Gaskin","MIN","6","RB133","477","","584","","530.5"
"590","Casey Washington","ATL","12","WR190","478","","864","","671.0"
"591","Devin Duvernay","JAC","12","WR191","499","","481","","490.0"
"592","Raheem Blackshear","CAR","11","RB134","479","","837","","658.0"
"593","Ihmir Smith-Marsette","CAR","11","WR192","480","","637","","558.5"
"594","Anthony Brown Jr.","LV","10","QB90","481","","823","","652.0"
"595","Jimmy Graham","","","TE93","482","","","","482.0"
"596","Tyler Huntley","CLE","10","QB91","","","482","","482.0"
"597","Tom Kennedy","DET","5","WR193","483","","777","","630.0"
"598","KJ Hamler","BUF","12","WR194","","","484","","484.0"
"599","Dorian Thompson-Robinson","CLE","10","QB92","485","","512","","498.5"
"600","Salvon Ahmed","MIA","6","RB135","","","486","","486.0"
"601","Jonathan Ward","PIT","9","RB136","487","","618","","552.5"
"602","Ke'Shawn Vaughn","SF","9","RB137","","","488","","488.0"
"603","Xavier Hutchinson","HOU","14","WR195","488","","683","","585.5"
"604","Reggie Gilliam","BUF","12","RB138","","","489","","489.0"
"605","Maurice Alexander","DET","5","WR196","489","","678","","583.5"
"606","Kenny Yeboah","NYJ","12","TE94","","","490","","490.0"
"607","Dez Fitzpatrick","PIT","9","WR197","","","491","","491.0"
"608","Khari Blasingame","CHI","7","RB139","491","","770","","630.5"
"609","Emanuel Wilson","GB","10","RB140","492","","526","","509.0"
"610","Laviska Shenault Jr.","SEA","10","WR198","493","","610","","551.5"
"611","Jack Stoll","NYG","11","TE95","","","494","","494.0"
"612","Stanley Berryhill","III","","WR199","494","","","","494.0"
"613","Jaret Patterson","LAC","5","RB141","","","495","","495.0"
"614","Parker Washington","JAC","12","WR200","495","","515","","505.0"
"615","John FitzPatrick","ATL","12","TE96","","","496","","496.0"
"616","Jamison Crowder","WAS","14","WR201","496","","552","","524.0"
"617","Desmond Ridder","ARI","11","QB93","","","497","","497.0"
"618","Tyquan Thornton","NE","14","WR202","497","","819","","658.0"
"619","Samori Toure","GB","10","WR203","","","498","","498.0"
"620","Olamide Zaccheaus","WAS","14","WR204","498","","592","","545.0"
"621","Matt Barkley","","","QB94","500","","","","500.0"
"622","Chris Oladokun","KC","6","QB95","","","500","","500.0"
"623","Isaiah Spiller","LAC","5","RB142","","","501","","501.0"
"624","Dareke Young","SEA","10","WR205","","","503","","503.0"
"625","Malik Davis","DAL","7","RB143","","","504","","504.0"
"626","Brandon Johnson","DEN","14","WR206","","","506","","506.0"
"627","Lucas Krull","DEN","14","TE97","","","507","","507.0"
"628","John Parker Romo","","","K55","","","508","","508.0"
"629","Deven Thompkins","","","WR207","","","509","","509.0"
"630","Terique Owens","SF","9","WR208","","","510","","510.0"
"631","Josh Whyle","TEN","5","TE98","","","513","","513.0"
"632","Nathan Rourke","","","QB96","","","514","","514.0"
"633","Kenny McIntosh","SEA","10","RB144","","","517","","517.0"
"634","Payne Durham","TB","11","TE99","","","518","","518.0"
"635","Chris Rodriguez Jr.","WAS","14","RB145","","","519","","519.0"
"636","Travis Vokolek","ARI","11","TE100","","","520","","520.0"
"637","E.J. Jenkins","PHI","5","TE101","","","523","","523.0"
"638","Princeton Fant","DAL","7","TE102","","","525","","525.0"
"639","Nate Adkins","DEN","14","TE103","","","527","","527.0"
"640","Jack Podlesny","","","K56","","","529","","529.0"
"641","Jack Colletto","PIT","9","RB146","","","530","","530.0"
"642","Sean Tucker","TB","11","RB147","","","531","","531.0"
"643","Jaheim Bell","NE","14","TE104","","","532","","532.0"
"644","Charlie Smyth","NO","12","K57","","","534","","534.0"
"645","Tip Reiman","ARI","11","TE105","","","535","","535.0"
"646","Frank Gore Jr.","BUF","12","RB148","","","536","","536.0"
"647","Harrison Mevis","","","K58","","","537","","537.0"
"648","Jack Plummer","CAR","11","QB97","","","538","","538.0"
"649","Ahmarean Brown","CLE","10","WR209","","","539","","539.0"
"650","Kedon Slovis","IND","14","QB98","","","540","","540.0"
"651","Jude McAtamney","NYG","11","K59","","","541","","541.0"
"652","Ryan Tannehill","","","QB99","","","546","","546.0"
"653","Ben Bryant","","","QB100","","","547","","547.0"
"654","Willie Snead IV","MIA","6","WR210","","","549","","549.0"
"655","MyCole Pruitt","PIT","9","TE106","","","550","","550.0"
"656","DeVante Parker","","","WR211","","","551","","551.0"
"657","Phillip Dorsett II","DEN","14","WR212","","","553","","553.0"
"658","Chris Manhertz","NYG","11","TE107","","","554","","554.0"
"659","Taylor Heinicke","ATL","12","QB101","","","555","","555.0"
"660","Eric Tomlinson","IND","14","TE108","","","556","","556.0"
"661","Chris Moore","ARI","11","WR213","","","557","","557.0"
"662","Jeff Driskel","WAS","14","QB102","","","558","","558.0"
"663","Nate Sudfeld","DET","5","QB103","","","559","","559.0"
"664","Dwayne Washington","DEN","14","RB149","","","560","","560.0"
"665","John Ross","PHI","5","WR214","","","561","","561.0"
"666","Nathan Peterman","","","QB104","","","563","","563.0"
"667","Tarik Cohen","","","RB150","","","565","","565.0"
"668","P.J. Walker","SEA","10","QB105","","","567","","567.0"
"669","Matt Breida","SF","9","RB151","","","568","","568.0"
"670","Anthony Firkser","NYJ","12","TE109","","","569","","569.0"
"671","Nick Mullens","MIN","6","QB106","","","570","","570.0"
"672","Daurice Fountain","DET","5","WR215","","","572","","572.0"
"673","Godwin Igwebuike","","","RB152","","","573","","573.0"
"674","Drake Stoops","LAR","6","WR216","","","574","","574.0"
"675","James Washington","ATL","12","WR217","","","575","","575.0"
"676","Cedrick Wilson Jr.","NO","12","WR218","","","577","","577.0"
"677","Logan Woodside","CIN","12","QB107","","","578","","578.0"
"678","Russell Gage","BAL","14","WR219","","","579","","579.0"
"679","Malik Turner","SF","9","WR220","","","583","","583.0"
"680","Stanley Morgan Jr.","NO","12","WR221","","","585","","585.0"
"681","Miles Boykin","NYG","11","WR222","","","586","","586.0"
"682","Zach Gentry","LV","10","TE110","","","587","","587.0"
"683","N'Keal Harry","MIN","6","WR223","","","588","","588.0"
"684","Nathaniel Peat","DAL","7","RB153","","","589","","589.0"
"685","Brett Rypien","CHI","7","QB108","","","590","","590.0"
"686","Jalen Guyton","LV","10","WR224","","","593","","593.0"
"687","Tyron Billy-Johnson","DAL","7","WR225","","","594","","594.0"
"688","Austin Walter","","","RB154","","","595","","595.0"
"689","Casey Bauman","","","QB109","","","597","","597.0"
"690","Alex Bachman","LV","10","WR226","","","598","","598.0"
"691","D'Ernest Johnson","JAC","12","RB155","","","599","","599.0"
"692","Harrison Bryant","LV","10","TE111","","","603","","603.0"
"693","Tyrie Cleveland","IND","14","WR227","","","604","","604.0"
"694","Josiah Deguara","JAC","12","TE112","","","606","","606.0"
"695","Patrick Taylor Jr.","SF","9","RB156","","","607","","607.0"
"696","James Robinson","NO","12","RB157","","","609","","609.0"
"697","Trishton Jackson","MIN","6","WR228","","","611","","611.0"
"698","Easop Winston Jr.","SEA","10","WR229","","","612","","612.0"
"699","Dan Chisena","ARI","11","WR230","","","613","","613.0"
"700","Dalton Keene","HOU","14","TE113","","","614","","614.0"
"701","Adam Trautman","DEN","14","TE114","","","615","","615.0"
"702","Denzel Mims","JAC","12","WR231","","","616","","616.0"
"703","La'Mical Perine","PIT","9","RB158","","","617","","617.0"
"704","JaMycal Hasty","NE","14","RB159","","","619","","619.0"
"705","Tyler Mabry","SEA","10","TE115","","","620","","620.0"
"706","Freddie Swain","CHI","7","WR232","","","621","","621.0"
"707","Marquez Callaway","","","WR233","","","622","","622.0"
"708","Spencer Brown","ATL","12","RB160","","","625","","625.0"
"709","Tarik Black","PIT","9","WR234","","","626","","626.0"
"710","DJ Turner","LV","10","WR235","","","627","","627.0"
"711","Mathew Sexton","","","WR236","","","628","","628.0"
"712","Sammis Reyes","MIN","6","TE116","","","629","","629.0"
"713","Cornell Powell","KC","6","WR237","","","632","","632.0"
"714","Jake Funk","DET","5","RB161","","","633","","633.0"
"715","Jacob Harris","PHI","5","TE117","","","634","","634.0"
"716","Ben Skowronek","HOU","14","WR238","","","635","","635.0"
"717","Kawaan Baker","NE","14","WR239","","","638","","638.0"
"718","Ian Book","KC","6","QB110","","","639","","639.0"
"719","Tre' McKitty","BUF","12","TE118","","","640","","640.0"
"720","John Bates","WAS","14","TE119","","","642","","642.0"
"721","Quintin Morris","BUF","12","TE120","","","643","","643.0"
"722","Bernhard Seikovits","ARI","11","TE121","","","644","","644.0"
"723","Tyler Badie","DEN","14","RB162","","","645","","645.0"
"724","Charlie Kolar","BAL","14","TE122","","","646","","646.0"
"725","Elijah Collins","CIN","12","RB163","","","647","","647.0"
"726","Montrell Washington","KC","6","WR240","","","648","","648.0"
"727","Alex Hale","GB","10","K60","","","650","","650.0"
"728","Hamze El-Zayat","NYJ","12","WR241","","","651","","651.0"
"729","Marcus Rosemy-Jacksaint","WAS","14","WR242","","","652","","652.0"
"730","Teagan Quitoriano","HOU","14","TE123","","","653","","653.0"
"731","Nikola Kalinic","LAR","6","TE124","","","654","","654.0"
"732","Snoop Conner","DAL","7","RB164","","","655","","655.0"
"733","Brittain Brown","LV","10","RB165","","","656","","656.0"
"734","Zander Horvath","NO","12","RB166","","","662","","662.0"
"735","Cody Schrader","SF","9","RB167","","","664","","664.0"
"736","Kyric McGowan","MIA","6","WR243","","","665","","665.0"
"737","Aaron Shampklin","PIT","9","RB168","","","666","","666.0"
"738","Tyreik McAllister","LV","10","RB169","","","667","","667.0"
"739","Julius Chestnut","TEN","5","RB170","","","668","","668.0"
"740","Troy Hairston II","HOU","14","DE1","","","669","","669.0"
"741","Samson Nacua","NO","12","WR244","","","670","","670.0"
"742","Cole Fotheringham","LV","10","TE125","","","671","","671.0"
"743","Sincere McCormick","LV","10","RB171","","","672","","672.0"
"744","Braylon Sanders","MIA","6","WR245","","","673","","673.0"
"745","Ronnie Rivers","LAR","6","RB172","","","674","","674.0"
"746","Tay Martin","SF","9","WR246","","","675","","675.0"
"747","Daylen Baldwin","","","WR247","","","677","","677.0"
"748","Justin Shorter","BUF","12","WR248","","","679","","679.0"
"749","Lew Nichols III","PHI","5","RB173","","","682","","682.0"
"750","Evan Hull","IND","14","RB174","","","684","","684.0"
"751","Brenton Strange","JAC","12","TE126","","","685","","685.0"
"752","Xavier Smith","LAR","6","WR249","","","686","","686.0"
"753","Kayshon Boutte","NE","14","WR250","","","688","","688.0"
"754","Zack Kuntz","NYJ","12","TE127","","","689","","689.0"
"755","Clayton Tune","ARI","11","QB111","","","690","","690.0"
"756","Max Duggan","LAC","5","QB112","","","692","","692.0"
"757","Duece Watts","PIT","9","WR251","","","694","","694.0"
"758","Henry Pearson","","","RB175","","","695","","695.0"
"759","Brady Russell","SEA","10","TE128","","","696","","696.0"
"760","Nikko Remigio","KC","6","WR252","","","697","","697.0"
"761","Jordan Mims","NO","12","RB176","","","698","","698.0"
"762","Hassan Hall","","","RB177","","","699","","699.0"
"763","Hunter Luepke","DAL","7","RB178","","","700","","700.0"
"764","John Stephens Jr.","DAL","7","WR253","","","701","","701.0"
"765","Adrian Martinez","NYJ","12","QB113","","","702","","702.0"
"766","Jared Wayne","HOU","14","WR254","","","703","","703.0"
"767","Malik Cunningham","BAL","14","QB114","","","704","","704.0"
"768","Isaiah Winstead","NYJ","12","WR255","","","705","","705.0"
"769","Matt Landers","CLE","10","WR256","","","706","","706.0"
"770","Griffin Hebert","PHI","5","TE129","","","707","","707.0"
"771","Tre'Shaun Harrison","TEN","5","WR257","","","708","","708.0"
"772","Izaiah Gathings","","","TE130","","","709","","709.0"
"773","Elijah Dotson","LAC","5","RB179","","","710","","710.0"
"774","Rakim Jarrett","TB","11","WR258","","","712","","712.0"
"775","Kazmeir Allen","WAS","14","WR259","","","713","","713.0"
"776","John Rhys Plumlee","PIT","9","QB115","","","714","","714.0"
"777","Joel Wilson","GB","10","TE131","","","715","","715.0"
"778","Jase McClellan","ATL","12","RB180","","","716","","716.0"
"779","Erick All Jr.","CIN","12","TE132","","","717","","717.0"
"780","Tanner McLachlan","CIN","12","TE133","","","718","","718.0"
"781","Jamari Thrash","CLE","10","WR260","","","719","","719.0"
"782","Jawhar Jordan","HOU","14","RB181","","","720","","720.0"
"783","Keilan Robinson","JAC","12","RB182","","","721","","721.0"
"784","Isaiah Davis","NYJ","12","RB183","","","723","","723.0"
"785","Jacob Cowing","SF","9","WR261","","","724","","724.0"
"786","Devin Culp","TB","11","TE134","","","725","","725.0"
"787","Chris Collier","BAL","14","RB184","","","726","","726.0"
"788","Mike Rigerman","BAL","14","TE135","","","727","","727.0"
"789","Dayton Wade","BAL","14","WR262","","","728","","728.0"
"790","Jarveon Howard","GB","10","RB185","","","729","","729.0"
"791","Lincoln Sefcik","NYJ","12","TE136","","","730","","730.0"
"792","McCallan Castles","","","TE137","","","731","","731.0"
"793","George Holani","SEA","10","RB186","","","732","","732.0"
"794","Kobe Lewis","SEA","10","RB187","","","733","","733.0"
"795","Carson Steele","KC","6","RB188","","","734","","734.0"
"796","Austin Stogner","ATL","12","TE138","","","736","","736.0"
"797","Isaiah Wooden","","","WR263","","","737","","737.0"
"798","Ian Wheeler","CHI","7","RB189","","","738","","738.0"
"799","Brevyn Spann-Ford","DAL","7","TE139","","","739","","739.0"
"800","Dylan Leonard","","","TE140","","","740","","740.0"
"801","Thomas Yassmin","DEN","14","TE141","","","741","","741.0"
"802","Dallin Holker","NO","12","TE142","","","742","","742.0"
"803","Kyle Sheets","KC","6","WR264","","","743","","743.0"
"804","Jordan Matthews","CAR","11","WR265","","","744","","744.0"
"805","Michael Burton","DEN","14","RB190","","","745","","745.0"
"806","Robbie Chosen","SF","9","WR266","","","746","","746.0"
"807","Eric Saubert","SF","9","TE143","","","747","","747.0"
"808","Robert Tonyan","MIN","6","TE144","","","748","","748.0"
"809","Byron Pringle","WAS","14","WR267","","","750","","750.0"
"810","Ian Thomas","CAR","11","TE145","","","751","","751.0"
"811","Jordan Thomas","ATL","12","TE146","","","752","","752.0"
"812","David Wells","TB","11","TE147","","","753","","753.0"
"813","Cam Sims","CAR","11","WR268","","","754","","754.0"
"814","Mike Boone","CAR","11","RB191","","","755","","755.0"
"815","Alex McGough","","","QB116","","","756","","756.0"
"816","Tim Boyle","HOU","14","QB117","","","757","","757.0"
"817","Keelan Doss","LV","10","WR269","","","759","","759.0"
"818","Will Grier","PHI","5","QB118","","","760","","760.0"
"819","Hakeem Butler","CIN","12","WR270","","","761","","761.0"
"820","Kelvin Harmon","DAL","7","WR271","","","762","","762.0"
"821","Ashton Dulin","IND","14","WR272","","","763","","763.0"
"822","Andy Isabella","BUF","12","WR273","","","765","","765.0"
"823","David Sills","DEN","14","WR274","","","767","","767.0"
"824","Tommy Sweeney","CHI","7","TE148","","","768","","768.0"
"825","Jeff Smith","ARI","11","WR275","","","769","","769.0"
"826","Juwann Winfree","IND","14","WR276","","","771","","771.0"
"827","Davion Davis","WAS","14","WR277","","","772","","772.0"
"828","Malik Taylor","NYJ","12","WR278","","","773","","773.0"
"829","Steven Sims Jr.","HOU","14","WR279","","","774","","774.0"
"830","Stephen Carlson","CHI","7","TE149","","","775","","775.0"
"831","Nsimba Webster","CHI","7","WR280","","","776","","776.0"
"832","Derrick Gore","","","RB192","","","778","","778.0"
"833","Scotty Washington","BAL","14","WR281","","","779","","779.0"
"834","Sean McKeon","DET","5","TE150","","","781","","781.0"
"835","Darrynton Evans","BUF","12","RB193","","","782","","782.0"
"836","Jacob Eason","","","QB119","","","783","","783.0"
"837","Andre Baccellia","ARI","11","WR282","","","784","","784.0"
"838","Tony Jones Jr.","ARI","11","RB194","","","785","","785.0"
"839","Jalen Reagor","NE","14","WR283","","","786","","786.0"
"840","Tommy Hudson","NO","12","TE151","","","788","","788.0"
"841","Mason Kinsey","TEN","5","WR284","","","789","","789.0"
"842","Kristian Wilkerson","LV","10","WR285","","","790","","790.0"
"843","Chris Blair","ATL","12","WR286","","","791","","791.0"
"844","Deon Jackson","NYJ","12","RB195","","","792","","792.0"
"845","Mike Strachan","CAR","11","WR287","","","793","","793.0"
"846","Ben Mason","LAC","5","RB196","","","794","","794.0"
"847","Terrace Marshall Jr.","CAR","11","WR288","","","795","","795.0"
"848","Shi Smith","","","WR289","","","796","","796.0"
"849","Demetric Felton Jr.","","","RB197","","","797","","797.0"
"850","Racey McMath","DAL","7","WR290","","","798","","798.0"
"851","Sam Ehlinger","IND","14","QB120","","","799","","799.0"
"852","Jalen Camp","","","WR291","","","800","","800.0"
"853","Gerrid Doaks","","","RB198","","","801","","801.0"
"854","Zach Davidson","BUF","12","TE152","","","802","","802.0"
"855","Gary Brightwell","JAC","12","RB199","","","804","","804.0"
"856","Hunter Kampmoyer","DEN","14","TE153","","","805","","805.0"
"857","Jaelon Darden","CLE","10","WR292","","","806","","806.0"
"858","Austin Trammell","JAC","12","WR293","","","807","","807.0"
"859","Brandon Smith","NYJ","12","WR294","","","808","","808.0"
"860","Miller Forristall","LAR","6","TE154","","","809","","809.0"
"861","Shane Buechele","BUF","12","QB121","","","810","","810.0"
"862","Austin Watkins Jr.","PHI","5","WR295","","","811","","811.0"
"863","Michael Bandy","DEN","14","WR296","","","812","","812.0"
"864","Michael Jacobson","NO","12","TE155","","","813","","813.0"
"865","Jake Tonges","SF","9","TE156","","","815","","815.0"
"866","Erik Ezukanma","MIA","6","WR297","","","817","","817.0"
"867","Nick Muse","MIN","6","TE157","","","818","","818.0"
"868","Zonovan Knight","DET","5","RB200","","","820","","820.0"
"869","Ko Kieft","TB","11","TE158","","","821","","821.0"
"870","Ricky Person Jr.","","","RB201","","","824","","824.0"
"871","Kwamie Lassiter II","CIN","12","WR298","","","826","","826.0"
"872","Kendric Pryor","CIN","12","WR299","","","827","","827.0"
"873","Zaire Mitchell-Paden","CLE","10","TE159","","","828","","828.0"
"874","Thomas Odukoya","TEN","5","TE160","","","829","","829.0"
"875","Ethan Fernea","IND","14","WR300","","","830","","830.0"
"876","Kevin Austin Jr.","NO","12","WR301","","","831","","831.0"
"877","Gerrit Prince","","","TE161","","","832","","832.0"
"878","Tanner Conner","MIA","6","TE162","","","833","","833.0"
"879","Jashaun Corbin","","","RB202","","","834","","834.0"
"880","Chris Pierce Jr.","","","TE163","","","835","","835.0"
"881","Stone Smartt","LAC","5","TE164","","","836","","836.0"
"882","Josh Ali","ATL","12","WR302","","","838","","838.0"
"883","Grant DuBose","GB","10","WR303","","","839","","839.0"
"884","Colton Dowell","TEN","5","WR304","","","840","","840.0"
"885","Dresser Winn","LAR","6","QB122","","","841","","841.0"
"886","Jake Haener","NO","12","QB123","","","842","","842.0"
"887","Tanner McKee","PHI","5","QB124","","","843","","843.0"
"888","Brayden Willis","SF","9","TE165","","","844","","844.0"
"889","Sean Ryan","BAL","14","WR305","","","845","","845.0"
"890","Robert Burns","ATL","12","RB203","","","846","","846.0"
"891","Jason Brownlee","NYJ","12","WR306","","","847","","847.0"
"892","Joseph Ngata","PHI","5","WR307","","","848","","848.0"
"893","Carlos Washington Jr.","ATL","12","RB204","","","849","","849.0"
"894","Shedrick Jackson","CIN","12","WR308","","","850","","850.0"
"895","Chase Cota","NYG","11","WR309","","","851","","851.0"
"896","Elijah Cooks","JAC","12","WR310","","","852","","852.0"
"897","Jaray Jenkins","PIT","9","WR311","","","853","","853.0"
"898","Blake Whiteheart","ARI","11","TE166","","","854","","854.0"
"899","Daewood Davis","","","WR312","","","855","","855.0"
"900","Thayer Thomas","MIN","6","WR313","","","857","","857.0"
"901","Malik Knowles","MIN","6","WR314","","","858","","858.0"
"902","Shaquan Davis","NO","12","WR315","","","859","","859.0"
"903","Tyrell Shavers","BUF","12","WR316","","","860","","860.0"
"904","Kearis Jackson","TEN","5","WR317","","","861","","861.0"
"905","Mitchell Tinsley","WAS","14","WR318","","","862","","862.0"
"906","Jordan Murray","IND","14","TE167","","","863","","863.0"
"907","Devin Leary","BAL","14","QB125","","","865","","865.0"
"908","Michael Pratt","GB","10","QB126","","","868","","868.0"
"909","Anthony Gould","IND","14","WR319","","","869","","869.0"
"910","Patrick Murtagh","JAC","12","TE168","","","870","","870.0"
"911","Bub Means","NO","12","WR320","","","871","","871.0"
"912","Dante Miller","NYG","11","RB205","","","872","","872.0"
"913","Cornelius Johnson","LAC","5","WR321","","","874","","874.0"
"914","DeAngelo Hardy","","","WR322","","","875","","875.0"
"915","Messiah Swinson","GB","10","TE169","","","876","","876.0"
"916","Marcus Riley","NYJ","12","WR323","","","877","","877.0"
"917","Chevan Cordeiro","","","QB127","","","878","","878.0"
"918","Hayden Hatten","SEA","10","WR324","","","879","","879.0"
"919","Dee Williams","SEA","10","WR325","","","880","","880.0"
"920","TaMerik Williams","","","RB206","","","881","","881.0"
"921","Dimitri Stanley","GB","10","WR326","","","882","","882.0"
"922","Emani Bailey","KC","6","RB207","","","883","","883.0"
"923","Phillip Brooks","KC","6","WR327","","","884","","884.0"
"924","Baylor Cupp","KC","6","TE170","","","885","","885.0"
"925","Andrew Peasley","NYJ","12","QB128","","","886","","886.0"
"926","Jaaron Hayek","KC","6","WR328","","","887","","887.0"
"927","Xavier Johnson","BUF","12","WR329","","","888","","888.0"
"928","Brenden Bates","CHI","7","TE171","","","889","","889.0"
"929","Austin Reed","CHI","7","QB129","","","890","","890.0"
"930","Noah Cain","CIN","12","RB208","","","891","","891.0"
"931","Rocky Lombardi","CIN","12","QB130","","","892","","892.0"
"932","Tre Mosley","","","WR330","","","893","","893.0"
"933","Alec Holler","DAL","7","TE172","","","894","","894.0"
"934","Cam Johnson","DAL","7","WR331","","","895","","895.0"
"935","Isaiah Williams","DET","5","WR332","","","896","","896.0"
"936","Spencer Shrader","IND","14","K61","","","897","","897.0"
"937","Xavier White","","","WR333","","","898","","898.0"
"938","David White Jr.","JAC","12","WR334","","","899","","899.0"
"939","Carter Bradley","LV","10","QB131","","","900","","900.0"
""
""